CustomerID,Genre,Age,Annual Income (k$),Spending Score (1-100)
1,Male,19,15,39
2,Male,21,15,81
3,Female,20,16,6
4,Female,23,16,77
5,Female,31,17,40
6,Female,22,17,76
7,Female,35,18,6
8,Female,23,18,94
9,Male,64,19,3
10,Female,30,19,72
11,Male,67,20,14
12,Female,35,20,99
13,Female,58,21,15
14,Female,24,21,77
15,Male,37,22,13
16,Male,22,22,79
17,Female,35,23,36
18,Female,23,23,98
19,Male,64,24,17
20,Female,30,24,65
21,Female,58,25,35
22,Female,22,25,73
23,Male,37,26,23
24,Male,22,26,69
25,Female,35,27,40
26,Female,23,27,97
27,Male,64,28,17
28,Female,30,28,65
29,Female,58,29,35
30,Female,22,29,73
31,Male,37,30,23
32,Male,22,30,69
33,Female,35,31,40
34,Female,23,31,97
35,Male,64,32,17
36,Female,30,32,65
37,Female,58,33,35
38,Female,22,33,73
39,Male,37,34,23
40,Male,22,34,69
41,Female,35,35,40
42,Female,23,35,97
43,Male,64,36,17
44,Female,30,36,65
45,Female,58,37,35
46,Female,22,37,73
47,Male,37,38,23
48,Male,22,38,69
49,Female,35,39,40
50,Female,23,39,97
51,Male,64,40,17
52,Female,30,40,65
53,Female,58,41,35
54,Female,22,41,73
55,Male,37,42,23
56,Male,22,42,69
57,Female,35,43,40
58,Female,23,43,97
59,Male,64,44,17
60,Female,30,44,65
61,Male,25,45,26
62,Female,18,45,66
63,Male,29,46,25
64,Female,21,46,68
65,Male,30,47,27
66,Female,19,47,67
67,Male,55,48,29
68,Female,50,48,68
69,Male,25,49,31
70,Female,27,49,65
71,Male,48,50,33
72,Female,48,50,69
73,Male,54,51,33
74,Female,51,51,73
75,Male,60,52,39
76,Female,50,52,72
77,Male,40,53,36
78,Female,47,53,71
79,Male,42,54,39
80,Female,48,54,73
81,Male,27,55,30
82,Female,48,55,72
83,Male,25,56,39
84,Female,49,56,74
85,Male,50,57,36
86,Female,49,57,73
87,Male,32,58,37
88,Female,49,58,71
89,Male,30,59,36
90,Female,47,59,74
91,Male,27,60,37
92,Female,49,60,73
93,Male,25,61,36
94,Female,49,61,75
95,Male,42,62,37
96,Female,50,62,71
97,Male,40,63,38
98,Female,49,63,73
99,Male,30,64,37
100,Female,48,64,72
101,Male,28,65,38
102,Female,48,65,75
103,Male,30,66,37
104,Female,49,66,73
105,Male,24,67,38
106,Female,48,67,76
107,Male,42,68,39
108,Female,50,68,73
109,Male,40,69,38
110,Female,49,69,74
111,Male,30,70,38
112,Female,48,70,75
113,Male,23,71,35
114,Female,48,71,72
115,Male,38,72,39
116,Female,50,72,73
117,Male,40,73,38
118,Female,49,73,75
119,Male,30,74,38
120,Female,48,74,76
121,Male,23,75,39
122,Female,47,75,73
123,Male,38,76,38
124,Female,50,76,72
125,Male,40,77,37
126,Female,49,77,75
127,Male,30,78,38
128,Female,48,78,76
129,Male,23,79,39
130,Female,48,79,72
131,Male,38,80,38
132,Female,49,80,75
133,Male,40,81,37
134,Female,47,81,74
135,Male,28,82,36
136,Female,48,82,73
137,Male,23,83,38
138,Female,50,83,75
139,Male,38,84,38
140,Female,48,84,72
141,Male,40,85,39
142,Female,47,85,73
143,Male,28,86,37
144,Female,48,86,75
145,Male,23,87,38
146,Female,48,87,72
147,Male,38,88,38
148,Female,50,88,75
149,Male,40,89,38
150,Female,47,89,74
151,Male,28,90,37
152,Female,48,90,72
153,Male,23,91,37
154,Female,48,91,73
155,Male,38,92,38
156,Female,50,92,75
157,Male,40,93,38
158,Female,48,93,72
159,Male,28,94,37
160,Female,48,94,75
161,Male,23,95,37
162,Female,47,95,74
163,Male,38,96,38
164,Female,48,96,75
165,Male,40,97,38
166,Female,48,97,73
167,Male,28,98,37
168,Female,50,98,75
169,Male,23,99,37
170,Female,48,99,73
171,Male,38,100,38
172,Female,50,100,75
173,Male,40,101,38
174,Female,48,101,73
175,Male,28,102,37
176,Female,48,102,75
177,Male,23,103,37
178,Female,47,103,74
179,Male,38,104,38
180,Female,48,104,75
181,Male,40,105,39
182,Female,48,105,72
183,Male,28,106,38
184,Female,50,106,75
185,Male,23,107,37
186,Female,47,107,73
187,Male,38,108,38
188,Female,50,108,75
189,Male,40,109,39
190,Female,48,109,73
191,Male,28,110,38
192,Female,50,110,75
193,Male,23,111,37
194,Female,48,111,74
195,Male,38,112,38
196,Female,48,112,75
197,Male,40,113,38
198,Female,50,113,75
199,Male,28,114,38
200,Female,48,114,75